host_time_iso,gateway_ms,can_id,dlc,data_hex,message,crc_ok,bus_load_pct,safety_model_failsafe,signals_json
2026-09-09T18:47:42.918,331548,0x200,8,B83F0F08000F0015,DASHBOARD_STATUS,True,0.0270,True,"{""display_rpm"":4078.0,""display_torque_limit"":206.3,""warning_flags"":0,""rolling_counter"":15,""reserved_future"":0}"
2026-09-09T18:47:43.098,331599,0x200,8,B83F0F08000000B6,DASHBOARD_STATUS,True,0.0540,True,"{""display_rpm"":4078.0,""display_torque_limit"":206.3,""warning_flags"":0,""rolling_counter"":0,""reserved_future"":0}"
2026-09-09T18:47:43.307,331616,0x100,8,B83FA0075A000037,ENGINE_STATUS,True,0.0810,True,"{""engine_rpm"":4078.0,""throttle_position"":64.0,""rolling_counter"":7,""reserved_counter_upper"":0,""coolant_temperature"":50,""reserved_future"":0}"
2026-09-09T18:47:43.539,331617,0x101,8,0F08030E00000017,TORQUE_LIMIT,True,0.1080,True,"{""torque_limit"":206.3,""limit_reason"":3,""rolling_counter"":14,""reserved_counter_upper"":0,""reserved_future"":0}"
2026-09-09T18:47:43.743,331658,0x200,8,B83F0F08000100FA,DASHBOARD_STATUS,True,0.1350,True,"{""display_rpm"":4078.0,""display_torque_limit"":206.3,""warning_flags"":0,""rolling_counter"":1,""reserved_future"":0}"
2026-09-09T18:47:43.950,331709,0x200,8,B83F0F080002002E,DASHBOARD_STATUS,True,0.1620,True,"{""display_rpm"":4078.0,""display_torque_limit"":206.3,""warning_flags"":0,""rolling_counter"":2,""reserved_future"":0}"
2026-09-09T18:47:44.173,331716,0x100,8,B83FA0085A00005F,ENGINE_STATUS,True,0.1890,True,"{""engine_rpm"":4078.0,""throttle_position"":64.0,""rolling_counter"":8,""reserved_counter_upper"":0,""coolant_temperature"":50,""reserved_future"":0}"
2026-09-09T18:47:44.392,331717,0x101,8,0F08030F0000008A,TORQUE_LIMIT,True,0.2160,True,"{""torque_limit"":206.3,""limit_reason"":3,""rolling_counter"":15,""reserved_counter_upper"":0,""reserved_future"":0}"
2026-09-09T18:47:44.608,331768,0x200,8,B83F0F0800030062,DASHBOARD_STATUS,True,0.2430,True,"{""display_rpm"":4078.0,""display_torque_limit"":206.3,""warning_flags"":0,""rolling_counter"":3,""reserved_future"":0}"
2026-09-09T18:47:44.862,331816,0x100,8,B83FA0095A0000C2,ENGINE_STATUS,True,0.2700,False,"{""engine_rpm"":4078.0,""throttle_position"":64.0,""rolling_counter"":9,""reserved_counter_upper"":0,""coolant_temperature"":50,""reserved_future"":0}"
2026-09-09T18:47:45.113,331817,0x101,8,0F080300000000E2,TORQUE_LIMIT,True,0.2970,False,"{""torque_limit"":206.3,""limit_reason"":3,""rolling_counter"":0,""reserved_counter_upper"":0,""reserved_future"":0}"
2026-09-09T18:47:45.365,331818,0x200,8,B83F0F080004009B,DASHBOARD_STATUS,True,0.3240,False,"{""display_rpm"":4078.0,""display_torque_limit"":206.3,""warning_flags"":0,""rolling_counter"":4,""reserved_future"":0}"
2026-09-09T18:47:45.614,331869,0x200,8,B83F0F08000500D7,DASHBOARD_STATUS,True,0.3510,False,"{""display_rpm"":4078.0,""display_torque_limit"":206.3,""warning_flags"":0,""rolling_counter"":5,""reserved_future"":0}"
2026-09-09T18:47:45.848,331916,0x100,8,B83FA00A5A000078,ENGINE_STATUS,True,0.3780,False,"{""engine_rpm"":4078.0,""throttle_position"":64.0,""rolling_counter"":10,""reserved_counter_upper"":0,""coolant_temperature"":50,""reserved_future"":0}"
2026-09-09T18:47:46.063,331917,0x101,8,0F0803010000007F,TORQUE_LIMIT,True,0.4050,False,"{""torque_limit"":206.3,""limit_reason"":3,""rolling_counter"":1,""reserved_counter_upper"":0,""reserved_future"":0}"
2026-09-09T18:47:46.274,331928,0x200,8,B83F0F0800060003,DASHBOARD_STATUS,True,0.4320,False,"{""display_rpm"":4078.0,""display_torque_limit"":206.3,""warning_flags"":0,""rolling_counter"":6,""reserved_future"":0}"
2026-09-09T18:47:46.489,331979,0x200,8,B83F0F080007004F,DASHBOARD_STATUS,True,0.4590,False,"{""display_rpm"":4078.0,""display_torque_limit"":206.3,""warning_flags"":0,""rolling_counter"":7,""reserved_future"":0}"
2026-09-09T18:47:46.724,332016,0x100,8,B83FA00B5A0000E5,ENGINE_STATUS,True,0.4860,False,"{""engine_rpm"":4078.0,""throttle_position"":64.0,""rolling_counter"":11,""reserved_counter_upper"":0,""coolant_temperature"":50,""reserved_future"":0}"
2026-09-09T18:47:46.966,332017,0x101,8,0F080302000000C5,TORQUE_LIMIT,True,0.5130,False,"{""torque_limit"":206.3,""limit_reason"":3,""rolling_counter"":2,""reserved_counter_upper"":0,""reserved_future"":0}"
2026-09-09T18:47:47.205,332018,0x702,4,02014C01,TORQUE_HEARTBEAT,,0.5320,False,"{""node_id"":2,""state"":1,""uptime_s"":332}"
2026-09-09T18:47:47.449,332029,0x200,8,B83F0F08000800EC,DASHBOARD_STATUS,True,0.5590,False,"{""display_rpm"":4078.0,""display_torque_limit"":206.3,""warning_flags"":0,""rolling_counter"":8,""reserved_future"":0}"
2026-09-09T18:47:47.691,332080,0x200,8,B83F0F08000900A0,DASHBOARD_STATUS,True,0.5860,False,"{""display_rpm"":4078.0,""display_torque_limit"":206.3,""warning_flags"":0,""rolling_counter"":9,""reserved_future"":0}"
2026-09-09T18:47:47.917,332116,0x100,8,B83FA00C5A000011,ENGINE_STATUS,True,0.6130,False,"{""engine_rpm"":4078.0,""throttle_position"":64.0,""rolling_counter"":12,""reserved_counter_upper"":0,""coolant_temperature"":50,""reserved_future"":0}"
2026-09-09T18:47:48.123,332117,0x101,8,0F08030300000058,TORQUE_LIMIT,True,0.6400,False,"{""torque_limit"":206.3,""limit_reason"":3,""rolling_counter"":3,""reserved_counter_upper"":0,""reserved_future"":0}"
2026-09-09T18:47:48.331,332138,0x200,8,B83F0F08000A0074,DASHBOARD_STATUS,True,0.6670,False,"{""display_rpm"":4078.0,""display_torque_limit"":206.3,""warning_flags"":0,""rolling_counter"":10,""reserved_future"":0}"
2026-09-09T18:47:48.540,332189,0x200,8,B83F0F08000B0038,DASHBOARD_STATUS,True,0.6940,False,"{""display_rpm"":4078.0,""display_torque_limit"":206.3,""warning_flags"":0,""rolling_counter"":11,""reserved_future"":0}"
2026-09-09T18:47:48.754,332216,0x100,8,B83FA00D5A00008C,ENGINE_STATUS,True,0.7210,False,"{""engine_rpm"":4078.0,""throttle_position"":64.0,""rolling_counter"":13,""reserved_counter_upper"":0,""coolant_temperature"":50,""reserved_future"":0}"
2026-09-09T18:47:48.971,332217,0x101,8,0F080304000000AC,TORQUE_LIMIT,True,0.7480,False,"{""torque_limit"":206.3,""limit_reason"":3,""rolling_counter"":4,""reserved_counter_upper"":0,""reserved_future"":0}"
2026-09-09T18:47:49.191,332248,0x200,8,B83F0F08000C00C1,DASHBOARD_STATUS,True,0.7750,False,"{""display_rpm"":4078.0,""display_torque_limit"":206.3,""warning_flags"":0,""rolling_counter"":12,""reserved_future"":0}"
2026-09-09T18:47:49.407,332299,0x200,8,B83F0F08000D008D,DASHBOARD_STATUS,True,0.8020,False,"{""display_rpm"":4078.0,""display_torque_limit"":206.3,""warning_flags"":0,""rolling_counter"":13,""reserved_future"":0}"
2026-09-09T18:47:49.631,332316,0x100,8,B83FA00E5A000036,ENGINE_STATUS,True,0.8290,False,"{""engine_rpm"":4078.0,""throttle_position"":64.0,""rolling_counter"":14,""reserved_counter_upper"":0,""coolant_temperature"":50,""reserved_future"":0}"
2026-09-09T18:47:49.854,332317,0x101,8,0F08030500000031,TORQUE_LIMIT,True,0.8560,False,"{""torque_limit"":206.3,""limit_reason"":3,""rolling_counter"":5,""reserved_counter_upper"":0,""reserved_future"":0}"
2026-09-09T18:47:50.082,332358,0x200,8,B83F0F08000E0059,DASHBOARD_STATUS,True,0.8830,False,"{""display_rpm"":4078.0,""display_torque_limit"":206.3,""warning_flags"":0,""rolling_counter"":14,""reserved_future"":0}"
2026-09-09T18:47:50.305,332399,0x701,4,01011A04,ENGINE_HEARTBEAT,,0.9020,False,"{""node_id"":1,""state"":1,""uptime_s"":1050}"
2026-09-09T18:47:50.530,332410,0x200,8,B83F0F08000F0015,DASHBOARD_STATUS,True,0.9290,False,"{""display_rpm"":4078.0,""display_torque_limit"":206.3,""warning_flags"":0,""rolling_counter"":15,""reserved_future"":0}"
2026-09-09T18:47:50.761,332416,0x100,8,B83FA00F5A0000AB,ENGINE_STATUS,True,0.9560,False,"{""engine_rpm"":4078.0,""throttle_position"":64.0,""rolling_counter"":15,""reserved_counter_upper"":0,""coolant_temperature"":50,""reserved_future"":0}"
2026-09-09T18:47:50.993,332417,0x101,8,0F0803060000008B,TORQUE_LIMIT,True,0.9830,False,"{""torque_limit"":206.3,""limit_reason"":3,""rolling_counter"":6,""reserved_counter_upper"":0,""reserved_future"":0}"
2026-09-09T18:47:51.225,332468,0x200,8,B83F0F08000000B6,DASHBOARD_STATUS,True,1.0100,False,"{""display_rpm"":4078.0,""display_torque_limit"":206.3,""warning_flags"":0,""rolling_counter"":0,""reserved_future"":0}"
2026-09-09T18:47:51.434,332516,0x100,8,B83FA0005A0000C3,ENGINE_STATUS,True,1.0370,False,"{""engine_rpm"":4078.0,""throttle_position"":64.0,""rolling_counter"":0,""reserved_counter_upper"":0,""coolant_temperature"":50,""reserved_future"":0}"
2026-09-09T18:47:51.633,332517,0x101,8,0F08030700000016,TORQUE_LIMIT,True,1.0640,False,"{""torque_limit"":206.3,""limit_reason"":3,""rolling_counter"":7,""reserved_counter_upper"":0,""reserved_future"":0}"
2026-09-09T18:47:51.831,332518,0x200,8,B83F0F08000100FA,DASHBOARD_STATUS,True,1.0910,False,"{""display_rpm"":4078.0,""display_torque_limit"":206.3,""warning_flags"":0,""rolling_counter"":1,""reserved_future"":0}"
2026-09-09T18:47:52.028,332569,0x200,8,B83F0F080002002E,DASHBOARD_STATUS,True,1.0910,False,"{""display_rpm"":4078.0,""display_torque_limit"":206.3,""warning_flags"":0,""rolling_counter"":2,""reserved_future"":0}"
2026-09-09T18:47:52.235,332616,0x100,8,B83FA0015A00005E,ENGINE_STATUS,True,1.0910,False,"{""engine_rpm"":4078.0,""throttle_position"":64.0,""rolling_counter"":1,""reserved_counter_upper"":0,""coolant_temperature"":50,""reserved_future"":0}"
2026-09-09T18:47:52.442,332617,0x101,8,0F0803080000007E,TORQUE_LIMIT,True,1.0910,False,"{""torque_limit"":206.3,""limit_reason"":3,""rolling_counter"":8,""reserved_counter_upper"":0,""reserved_future"":0}"
2026-09-09T18:47:52.650,332628,0x200,8,B83F0F0800030062,DASHBOARD_STATUS,True,1.0910,False,"{""display_rpm"":4078.0,""display_torque_limit"":206.3,""warning_flags"":0,""rolling_counter"":3,""reserved_future"":0}"
2026-09-09T18:47:52.856,332679,0x200,8,B83F0F080004009B,DASHBOARD_STATUS,True,1.0910,False,"{""display_rpm"":4078.0,""display_torque_limit"":206.3,""warning_flags"":0,""rolling_counter"":4,""reserved_future"":0}"
2026-09-09T18:47:53.063,332716,0x100,8,B83FA0025A0000E4,ENGINE_STATUS,True,1.0910,False,"{""engine_rpm"":4078.0,""throttle_position"":64.0,""rolling_counter"":2,""reserved_counter_upper"":0,""coolant_temperature"":50,""reserved_future"":0}"
2026-09-09T18:47:53.270,332717,0x101,8,0F080309000000E3,TORQUE_LIMIT,True,1.0910,False,"{""torque_limit"":206.3,""limit_reason"":3,""rolling_counter"":9,""reserved_counter_upper"":0,""reserved_future"":0}"
2026-09-09T18:47:53.476,332738,0x200,8,B83F0F08000500D7,DASHBOARD_STATUS,True,1.0910,False,"{""display_rpm"":4078.0,""display_torque_limit"":206.3,""warning_flags"":0,""rolling_counter"":5,""reserved_future"":0}"
2026-09-09T18:47:53.683,332789,0x200,8,B83F0F0800060003,DASHBOARD_STATUS,True,1.0910,False,"{""display_rpm"":4078.0,""display_torque_limit"":206.3,""warning_flags"":0,""rolling_counter"":6,""reserved_future"":0}"
2026-09-09T18:47:53.897,332816,0x100,8,B83FA0035A000079,ENGINE_STATUS,True,1.1180,False,"{""engine_rpm"":4078.0,""throttle_position"":64.0,""rolling_counter"":3,""reserved_counter_upper"":0,""coolant_temperature"":50,""reserved_future"":0}"
2026-09-09T18:47:54.112,332817,0x101,8,0F08030A00000059,TORQUE_LIMIT,True,1.1180,False,"{""torque_limit"":206.3,""limit_reason"":3,""rolling_counter"":10,""reserved_counter_upper"":0,""reserved_future"":0}"
2026-09-09T18:47:54.328,332848,0x200,8,B83F0F080007004F,DASHBOARD_STATUS,True,1.0910,False,"{""display_rpm"":4078.0,""display_torque_limit"":206.3,""warning_flags"":0,""rolling_counter"":7,""reserved_future"":0}"
2026-09-09T18:47:54.542,332899,0x200,8,B83F0F08000800EC,DASHBOARD_STATUS,True,1.0910,False,"{""display_rpm"":4078.0,""display_torque_limit"":206.3,""warning_flags"":0,""rolling_counter"":8,""reserved_future"":0}"
2026-09-09T18:47:54.758,332916,0x100,8,B83FA0045A00008D,ENGINE_STATUS,True,1.1180,False,"{""engine_rpm"":4078.0,""throttle_position"":64.0,""rolling_counter"":4,""reserved_counter_upper"":0,""coolant_temperature"":50,""reserved_future"":0}"
2026-09-09T18:47:54.977,332917,0x101,8,0F08030B000000C4,TORQUE_LIMIT,True,1.1180,False,"{""torque_limit"":206.3,""limit_reason"":3,""rolling_counter"":11,""reserved_counter_upper"":0,""reserved_future"":0}"
2026-09-09T18:47:55.197,332958,0x200,8,B83F0F08000900A0,DASHBOARD_STATUS,True,1.0910,False,"{""display_rpm"":4078.0,""display_torque_limit"":206.3,""warning_flags"":0,""rolling_counter"":9,""reserved_future"":0}"
2026-09-09T18:47:55.416,333009,0x200,8,B83F0F08000A0074,DASHBOARD_STATUS,True,1.0910,False,"{""display_rpm"":4078.0,""display_torque_limit"":206.3,""warning_flags"":0,""rolling_counter"":10,""reserved_future"":0}"
2026-09-09T18:47:55.638,333016,0x100,8,B83FA0055A000010,ENGINE_STATUS,True,1.1180,False,"{""engine_rpm"":4078.0,""throttle_position"":64.0,""rolling_counter"":5,""reserved_counter_upper"":0,""coolant_temperature"":50,""reserved_future"":0}"
2026-09-09T18:47:55.862,333017,0x101,8,0F08030C00000030,TORQUE_LIMIT,True,1.1180,False,"{""torque_limit"":206.3,""limit_reason"":3,""rolling_counter"":12,""reserved_counter_upper"":0,""reserved_future"":0}"
2026-09-09T18:47:56.086,333018,0x702,4,02014D01,TORQUE_HEARTBEAT,,1.1100,False,"{""node_id"":2,""state"":1,""uptime_s"":333}"
2026-09-09T18:47:56.309,333059,0x200,8,B83F0F08000B0038,DASHBOARD_STATUS,True,1.0910,False,"{""display_rpm"":4078.0,""display_torque_limit"":206.3,""warning_flags"":0,""rolling_counter"":11,""reserved_future"":0}"
2026-09-09T18:47:56.532,333110,0x200,8,B83F0F08000C00C1,DASHBOARD_STATUS,True,1.0910,False,"{""display_rpm"":4078.0,""display_torque_limit"":206.3,""warning_flags"":0,""rolling_counter"":12,""reserved_future"":0}"
2026-09-09T18:47:56.758,333116,0x100,8,B83FA0065A0000AA,ENGINE_STATUS,True,1.1180,False,"{""engine_rpm"":4078.0,""throttle_position"":64.0,""rolling_counter"":6,""reserved_counter_upper"":0,""coolant_temperature"":50,""reserved_future"":0}"
2026-09-09T18:47:56.981,333117,0x101,8,0F08030D000000AD,TORQUE_LIMIT,True,1.1180,False,"{""torque_limit"":206.3,""limit_reason"":3,""rolling_counter"":13,""reserved_counter_upper"":0,""reserved_future"":0}"
2026-09-09T18:47:57.204,333168,0x200,8,B83F0F08000D008D,DASHBOARD_STATUS,True,1.0910,False,"{""display_rpm"":4078.0,""display_torque_limit"":206.3,""warning_flags"":0,""rolling_counter"":13,""reserved_future"":0}"
2026-09-09T18:47:57.433,333216,0x100,8,B83FA0075A000037,ENGINE_STATUS,True,1.0910,False,"{""engine_rpm"":4078.0,""throttle_position"":64.0,""rolling_counter"":7,""reserved_counter_upper"":0,""coolant_temperature"":50,""reserved_future"":0}"
2026-09-09T18:47:57.663,333217,0x101,8,0F08030E00000017,TORQUE_LIMIT,True,1.0910,False,"{""torque_limit"":206.3,""limit_reason"":3,""rolling_counter"":14,""reserved_counter_upper"":0,""reserved_future"":0}"
2026-09-09T18:47:57.895,333218,0x200,8,B83F0F08000E0059,DASHBOARD_STATUS,True,1.0910,False,"{""display_rpm"":4078.0,""display_torque_limit"":206.3,""warning_flags"":0,""rolling_counter"":14,""reserved_future"":0}"
2026-09-09T18:47:58.126,333269,0x200,8,B83F0F08000F0015,DASHBOARD_STATUS,True,1.0910,False,"{""display_rpm"":4078.0,""display_torque_limit"":206.3,""warning_flags"":0,""rolling_counter"":15,""reserved_future"":0}"
2026-09-09T18:47:58.356,333316,0x100,8,B83FA0085A00005F,ENGINE_STATUS,True,1.0910,False,"{""engine_rpm"":4078.0,""throttle_position"":64.0,""rolling_counter"":8,""reserved_counter_upper"":0,""coolant_temperature"":50,""reserved_future"":0}"
2026-09-09T18:47:58.576,333317,0x101,8,0F08030F0000008A,TORQUE_LIMIT,True,1.0910,False,"{""torque_limit"":206.3,""limit_reason"":3,""rolling_counter"":15,""reserved_counter_upper"":0,""reserved_future"":0}"
2026-09-09T18:47:58.796,333328,0x200,8,B83F0F08000000B6,DASHBOARD_STATUS,True,1.0910,False,"{""display_rpm"":4078.0,""display_torque_limit"":206.3,""warning_flags"":0,""rolling_counter"":0,""reserved_future"":0}"
2026-09-09T18:47:59.018,333379,0x200,8,B83F0F08000100FA,DASHBOARD_STATUS,True,1.0910,False,"{""display_rpm"":4078.0,""display_torque_limit"":206.3,""warning_flags"":0,""rolling_counter"":1,""reserved_future"":0}"
2026-09-09T18:47:59.238,333400,0x701,4,01011B04,ENGINE_HEARTBEAT,,1.0910,False,"{""node_id"":1,""state"":1,""uptime_s"":1051}"
2026-09-09T18:47:59.480,333416,0x100,8,903F9F095A00002C,ENGINE_STATUS,True,1.0910,False,"{""engine_rpm"":4068.0,""throttle_position"":63.6,""rolling_counter"":9,""reserved_counter_upper"":0,""coolant_temperature"":50,""reserved_future"":0}"
2026-09-09T18:47:59.724,333417,0x101,8,0908030000000031,TORQUE_LIMIT,True,1.0910,False,"{""torque_limit"":205.7,""limit_reason"":3,""rolling_counter"":0,""reserved_counter_upper"":0,""reserved_future"":0}"
2026-09-09T18:47:59.955,333438,0x200,8,903F0908000200F2,DASHBOARD_STATUS,True,1.0910,False,"{""display_rpm"":4068.0,""display_torque_limit"":205.7,""warning_flags"":0,""rolling_counter"":2,""reserved_future"":0}"
2026-09-09T18:48:00.183,333489,0x200,8,903F0908000300BE,DASHBOARD_STATUS,True,1.0910,False,"{""display_rpm"":4068.0,""display_torque_limit"":205.7,""warning_flags"":0,""rolling_counter"":3,""reserved_future"":0}"
2026-09-09T18:48:00.438,333516,0x100,8,A73E9C0A5A000036,ENGINE_STATUS,True,1.1180,False,"{""engine_rpm"":4009.75,""throttle_position"":62.4,""rolling_counter"":10,""reserved_counter_upper"":0,""coolant_temperature"":50,""reserved_future"":0}"
2026-09-09T18:48:00.685,333517,0x101,8,FD070301000000A9,TORQUE_LIMIT,True,1.1180,False,"{""torque_limit"":204.5,""limit_reason"":3,""rolling_counter"":1,""reserved_counter_upper"":0,""reserved_future"":0}"
2026-09-09T18:48:00.921,333548,0x200,8,A73EFD0700040017,DASHBOARD_STATUS,True,1.0910,False,"{""display_rpm"":4009.75,""display_torque_limit"":204.5,""warning_flags"":0,""rolling_counter"":4,""reserved_future"":0}"
2026-09-09T18:48:01.161,333599,0x200,8,A73EFD070005005B,DASHBOARD_STATUS,True,1.0910,False,"{""display_rpm"":4009.75,""display_torque_limit"":204.5,""warning_flags"":0,""rolling_counter"":5,""reserved_future"":0}"
2026-09-09T18:48:01.397,333616,0x100,8,BE3D990B5A000088,ENGINE_STATUS,True,1.1180,False,"{""engine_rpm"":3951.5,""throttle_position"":61.2,""rolling_counter"":11,""reserved_counter_upper"":0,""coolant_temperature"":50,""reserved_future"":0}"
2026-09-09T18:48:01.628,333617,0x101,8,F1070302000000A8,TORQUE_LIMIT,True,1.1180,False,"{""torque_limit"":203.3,""limit_reason"":3,""rolling_counter"":2,""reserved_counter_upper"":0,""reserved_future"":0}"
2026-09-09T18:48:01.853,333658,0x200,8,BE3DF107000600B1,DASHBOARD_STATUS,True,1.0910,False,"{""display_rpm"":3951.5,""display_torque_limit"":203.3,""warning_flags"":0,""rolling_counter"":6,""reserved_future"":0}"
2026-09-09T18:48:02.081,333709,0x200,8,BE3DF107000700FD,DASHBOARD_STATUS,True,1.0910,False,"{""display_rpm"":3951.5,""display_torque_limit"":203.3,""warning_flags"":0,""rolling_counter"":7,""reserved_future"":0}"
2026-09-09T18:48:02.281,333716,0x100,8,D53C970C5A0000A8,ENGINE_STATUS,True,1.1180,False,"{""engine_rpm"":3893.25,""throttle_position"":60.4,""rolling_counter"":12,""reserved_counter_upper"":0,""coolant_temperature"":50,""reserved_future"":0}"
2026-09-09T18:48:02.472,333717,0x101,8,EE070303000000D0,TORQUE_LIMIT,True,1.1180,False,"{""torque_limit"":203.0,""limit_reason"":3,""rolling_counter"":3,""reserved_counter_upper"":0,""reserved_future"":0}"
2026-09-09T18:48:02.662,333768,0x200,8,D53CEE070008000E,DASHBOARD_STATUS,True,1.0910,False,"{""display_rpm"":3893.25,""display_torque_limit"":203.0,""warning_flags"":0,""rolling_counter"":8,""reserved_future"":0}"
2026-09-09T18:48:02.848,333816,0x100,8,EC3B940D5A00001D,ENGINE_STATUS,True,1.0910,False,"{""engine_rpm"":3835.0,""throttle_position"":59.2,""rolling_counter"":13,""reserved_counter_upper"":0,""coolant_temperature"":50,""reserved_future"":0}"
2026-09-09T18:48:03.026,333817,0x101,8,E20701040000004B,TORQUE_LIMIT,True,1.0910,False,"{""torque_limit"":201.8,""limit_reason"":1,""rolling_counter"":4,""reserved_counter_upper"":0,""reserved_future"":0}"
2026-09-09T18:48:03.204,333818,0x200,8,EC3BE20700090016,DASHBOARD_STATUS,True,1.0910,False,"{""display_rpm"":3835.0,""display_torque_limit"":201.8,""warning_flags"":0,""rolling_counter"":9,""reserved_future"":0}"
2026-09-09T18:48:03.376,333869,0x200,8,EC3BE207000A00C2,DASHBOARD_STATUS,True,1.0910,False,"{""display_rpm"":3835.0,""display_torque_limit"":201.8,""warning_flags"":0,""rolling_counter"":10,""reserved_future"":0}"
2026-09-09T18:48:03.560,333916,0x100,8,033B910E5A000034,ENGINE_STATUS,True,1.0910,False,"{""engine_rpm"":3776.75,""throttle_position"":58.0,""rolling_counter"":14,""reserved_counter_upper"":0,""coolant_temperature"":50,""reserved_future"":0}"
2026-09-09T18:48:03.740,333917,0x101,8,D607010500000069,TORQUE_LIMIT,True,1.0910,False,"{""torque_limit"":200.6,""limit_reason"":1,""rolling_counter"":5,""reserved_counter_upper"":0,""reserved_future"":0}"
2026-09-09T18:48:03.918,333928,0x200,8,033BD607000B0058,DASHBOARD_STATUS,True,1.0910,False,"{""display_rpm"":3776.75,""display_torque_limit"":200.6,""warning_flags"":0,""rolling_counter"":11,""reserved_future"":0}"
2026-09-09T18:48:04.098,333979,0x200,8,033BD607000C00A1,DASHBOARD_STATUS,True,1.0910,False,"{""display_rpm"":3776.75,""display_torque_limit"":200.6,""warning_flags"":0,""rolling_counter"":12,""reserved_future"":0}"
2026-09-09T18:48:04.286,334016,0x100,8,1A3A8E0F5A00004B,ENGINE_STATUS,True,1.0910,False,"{""engine_rpm"":3718.5,""throttle_position"":56.8,""rolling_counter"":15,""reserved_counter_upper"":0,""coolant_temperature"":50,""reserved_future"":0}"
2026-09-09T18:48:04.483,334017,0x101,8,CA070106000000D1,TORQUE_LIMIT,True,1.0910,False,"{""torque_limit"":199.4,""limit_reason"":1,""rolling_counter"":6,""reserved_counter_upper"":0,""reserved_future"":0}"
2026-09-09T18:48:04.677,334018,0x702,4,02014E01,TORQUE_HEARTBEAT,,1.0830,False,"{""node_id"":2,""state"":1,""uptime_s"":334}"
2026-09-09T18:48:04.872,334029,0x200,8,1A3ACA07000D00B1,DASHBOARD_STATUS,True,1.0910,False,"{""display_rpm"":3718.5,""display_torque_limit"":199.4,""warning_flags"":0,""rolling_counter"":13,""reserved_future"":0}"
2026-09-09T18:48:05.081,334080,0x200,8,1A3ACA07000E0065,DASHBOARD_STATUS,True,1.0910,False,"{""display_rpm"":3718.5,""display_torque_limit"":199.4,""warning_flags"":0,""rolling_counter"":14,""reserved_future"":0}"
2026-09-09T18:48:05.278,334116,0x100,8,31398B005A00006C,ENGINE_STATUS,True,1.0910,False,"{""engine_rpm"":3660.25,""throttle_position"":55.6,""rolling_counter"":0,""reserved_counter_upper"":0,""coolant_temperature"":50,""reserved_future"":0}"
2026-09-09T18:48:05.459,334117,0x101,8,BF07010700000070,TORQUE_LIMIT,True,1.0910,False,"{""torque_limit"":198.3,""limit_reason"":1,""rolling_counter"":7,""reserved_counter_upper"":0,""reserved_future"":0}"
2026-09-09T18:48:05.638,334138,0x200,8,3139BF07000F00D6,DASHBOARD_STATUS,True,1.0910,False,"{""display_rpm"":3660.25,""display_torque_limit"":198.3,""warning_flags"":0,""rolling_counter"":15,""reserved_future"":0}"
2026-09-09T18:48:05.817,334189,0x200,8,3139BF0700000075,DASHBOARD_STATUS,True,1.0910,False,"{""display_rpm"":3660.25,""display_torque_limit"":198.3,""warning_flags"":0,""rolling_counter"":0,""reserved_future"":0}"
2026-09-09T18:48:06.003,334216,0x100,8,483889015A0000E4,ENGINE_STATUS,True,1.1180,False,"{""engine_rpm"":3602.0,""throttle_position"":54.8,""rolling_counter"":1,""reserved_counter_upper"":0,""coolant_temperature"":50,""reserved_future"":0}"
2026-09-09T18:48:06.190,334217,0x101,8,BC070108000000FF,TORQUE_LIMIT,True,1.1180,False,"{""torque_limit"":198.0,""limit_reason"":1,""rolling_counter"":8,""reserved_counter_upper"":0,""reserved_future"":0}"
2026-09-09T18:48:06.377,334248,0x200,8,4838BC0700010046,DASHBOARD_STATUS,True,1.0910,False,"{""display_rpm"":3602.0,""display_torque_limit"":198.0,""warning_flags"":0,""rolling_counter"":1,""reserved_future"":0}"
2026-09-09T18:48:06.564,334299,0x200,8,4838BC0700020092,DASHBOARD_STATUS,True,1.0910,False,"{""display_rpm"":3602.0,""display_torque_limit"":198.0,""warning_flags"":0,""rolling_counter"":2,""reserved_future"":0}"
2026-09-09T18:48:06.751,334316,0x100,8,5F3786025A0000D0,ENGINE_STATUS,True,1.1180,False,"{""engine_rpm"":3543.75,""throttle_position"":53.6,""rolling_counter"":2,""reserved_counter_upper"":0,""coolant_temperature"":50,""reserved_future"":0}"
2026-09-09T18:48:06.943,334317,0x101,8,B0070109000000D9,TORQUE_LIMIT,True,1.1180,False,"{""torque_limit"":196.8,""limit_reason"":1,""rolling_counter"":9,""reserved_counter_upper"":0,""reserved_future"":0}"
2026-09-09T18:48:07.134,334358,0x200,8,5F37B007000300EE,DASHBOARD_STATUS,True,1.0910,False,"{""display_rpm"":3543.75,""display_torque_limit"":196.8,""warning_flags"":0,""rolling_counter"":3,""reserved_future"":0}"
2026-09-09T18:48:07.326,334399,0x701,4,01011C04,ENGINE_HEARTBEAT,,1.0830,False,"{""node_id"":1,""state"":1,""uptime_s"":1052}"
2026-09-09T18:48:07.521,334410,0x200,8,5F37B00700040017,DASHBOARD_STATUS,True,1.0910,False,"{""display_rpm"":3543.75,""display_torque_limit"":196.8,""warning_flags"":0,""rolling_counter"":4,""reserved_future"":0}"
2026-09-09T18:48:07.721,334416,0x100,8,763683035A000034,ENGINE_STATUS,True,1.1180,False,"{""engine_rpm"":3485.5,""throttle_position"":52.4,""rolling_counter"":3,""reserved_counter_upper"":0,""coolant_temperature"":50,""reserved_future"":0}"
2026-09-09T18:48:07.928,334417,0x101,8,A007000A000000B0,TORQUE_LIMIT,True,1.1180,False,"{""torque_limit"":195.2,""limit_reason"":0,""rolling_counter"":10,""reserved_counter_upper"":0,""reserved_future"":0}"
2026-09-09T18:48:08.143,334468,0x200,8,7636A00700050013,DASHBOARD_STATUS,True,1.0910,False,"{""display_rpm"":3485.5,""display_torque_limit"":195.2,""warning_flags"":0,""rolling_counter"":5,""reserved_future"":0}"
2026-09-09T18:48:08.352,334516,0x100,8,8D3580045A000028,ENGINE_STATUS,True,1.0910,False,"{""engine_rpm"":3427.25,""throttle_position"":51.2,""rolling_counter"":4,""reserved_counter_upper"":0,""coolant_temperature"":50,""reserved_future"":0}"
2026-09-09T18:48:08.570,334517,0x101,8,8607000B00000091,TORQUE_LIMIT,True,1.0910,False,"{""torque_limit"":192.6,""limit_reason"":0,""rolling_counter"":11,""reserved_counter_upper"":0,""reserved_future"":0}"
2026-09-09T18:48:08.784,334518,0x200,8,8D35860700060031,DASHBOARD_STATUS,True,1.0910,False,"{""display_rpm"":3427.25,""display_torque_limit"":192.6,""warning_flags"":0,""rolling_counter"":6,""reserved_future"":0}"
2026-09-09T18:48:08.998,334569,0x200,8,8D3586070007007D,DASHBOARD_STATUS,True,1.0910,False,"{""display_rpm"":3427.25,""display_torque_limit"":192.6,""warning_flags"":0,""rolling_counter"":7,""reserved_future"":0}"
2026-09-09T18:48:09.217,334616,0x100,8,A4347D055A000028,ENGINE_STATUS,True,1.0910,False,"{""engine_rpm"":3369.0,""throttle_position"":50.0,""rolling_counter"":5,""reserved_counter_upper"":0,""coolant_temperature"":50,""reserved_future"":0}"
2026-09-09T18:48:09.431,334617,0x101,8,6C07000C0000001D,TORQUE_LIMIT,True,1.0910,False,"{""torque_limit"":190.0,""limit_reason"":0,""rolling_counter"":12,""reserved_counter_upper"":0,""reserved_future"":0}"
2026-09-09T18:48:09.643,334628,0x200,8,A4346C07000800A6,DASHBOARD_STATUS,True,1.0910,False,"{""display_rpm"":3369.0,""display_torque_limit"":190.0,""warning_flags"":0,""rolling_counter"":8,""reserved_future"":0}"
2026-09-09T18:48:09.869,334679,0x200,8,A4346C07000900EA,DASHBOARD_STATUS,True,1.0910,False,"{""display_rpm"":3369.0,""display_torque_limit"":190.0,""warning_flags"":0,""rolling_counter"":9,""reserved_future"":0}"
2026-09-09T18:48:10.074,334716,0x100,8,BB337B065A0000D9,ENGINE_STATUS,True,1.0910,False,"{""engine_rpm"":3310.75,""throttle_position"":49.2,""rolling_counter"":6,""reserved_counter_upper"":0,""coolant_temperature"":50,""reserved_future"":0}"
2026-09-09T18:48:10.280,334717,0x101,8,5A07000D00000085,TORQUE_LIMIT,True,1.0910,False,"{""torque_limit"":188.2,""limit_reason"":0,""rolling_counter"":13,""reserved_counter_upper"":0,""reserved_future"":0}"
2026-09-09T18:48:10.484,334738,0x200,8,BB335A07000A005A,DASHBOARD_STATUS,True,1.0910,False,"{""display_rpm"":3310.75,""display_torque_limit"":188.2,""warning_flags"":0,""rolling_counter"":10,""reserved_future"":0}"
2026-09-09T18:48:10.687,334789,0x200,8,BB335A07000B0016,DASHBOARD_STATUS,True,1.0910,False,"{""display_rpm"":3310.75,""display_torque_limit"":188.2,""warning_flags"":0,""rolling_counter"":11,""reserved_future"":0}"
2026-09-09T18:48:10.895,334816,0x100,8,D23278075A000082,ENGINE_STATUS,True,1.1180,False,"{""engine_rpm"":3252.5,""throttle_position"":48.0,""rolling_counter"":7,""reserved_counter_upper"":0,""coolant_temperature"":50,""reserved_future"":0}"
2026-09-09T18:48:11.094,334817,0x101,8,4007000E000000EE,TORQUE_LIMIT,True,1.1180,False,"{""torque_limit"":185.6,""limit_reason"":0,""rolling_counter"":14,""reserved_counter_upper"":0,""reserved_future"":0}"
2026-09-09T18:48:11.292,334848,0x200,8,D2324007000C00DA,DASHBOARD_STATUS,True,1.0910,False,"{""display_rpm"":3252.5,""display_torque_limit"":185.6,""warning_flags"":0,""rolling_counter"":12,""reserved_future"":0}"
2026-09-09T18:48:11.493,334899,0x200,8,D2324007000D0096,DASHBOARD_STATUS,True,1.0910,False,"{""display_rpm"":3252.5,""display_torque_limit"":185.6,""warning_flags"":0,""rolling_counter"":13,""reserved_future"":0}"
2026-09-09T18:48:11.707,334916,0x100,8,E93175085A00006B,ENGINE_STATUS,True,1.1180,False,"{""engine_rpm"":3194.25,""throttle_position"":46.8,""rolling_counter"":8,""reserved_counter_upper"":0,""coolant_temperature"":50,""reserved_future"":0}"
2026-09-09T18:48:11.921,334917,0x101,8,2507000F000000F6,TORQUE_LIMIT,True,1.1180,False,"{""torque_limit"":182.9,""limit_reason"":0,""rolling_counter"":15,""reserved_counter_upper"":0,""reserved_future"":0}"
2026-09-09T18:48:12.133,334958,0x200,8,E9312507000E00EA,DASHBOARD_STATUS,True,1.0910,False,"{""display_rpm"":3194.25,""display_torque_limit"":182.9,""warning_flags"":0,""rolling_counter"":14,""reserved_future"":0}"
2026-09-09T18:48:12.348,335009,0x200,8,E9312507000F00A6,DASHBOARD_STATUS,True,1.0910,False,"{""display_rpm"":3194.25,""display_torque_limit"":182.9,""warning_flags"":0,""rolling_counter"":15,""reserved_future"":0}"
2026-09-09T18:48:12.551,335016,0x100,8,013172095A00003F,ENGINE_STATUS,True,1.1180,False,"{""engine_rpm"":3136.25,""throttle_position"":45.6,""rolling_counter"":9,""reserved_counter_upper"":0,""coolant_temperature"":50,""reserved_future"":0}"
2026-09-09T18:48:12.743,335017,0x101,8,0B070000000000F0,TORQUE_LIMIT,True,1.1180,False,"{""torque_limit"":180.3,""limit_reason"":0,""rolling_counter"":0,""reserved_counter_upper"":0,""reserved_future"":0}"
2026-09-09T18:48:12.936,335018,0x702,4,02014F01,TORQUE_HEARTBEAT,,1.1100,False,"{""node_id"":2,""state"":1,""uptime_s"":335}"
2026-09-09T18:48:13.128,335059,0x200,8,01310B0700000010,DASHBOARD_STATUS,True,1.0910,False,"{""display_rpm"":3136.25,""display_torque_limit"":180.3,""warning_flags"":0,""rolling_counter"":0,""reserved_future"":0}"
2026-09-09T18:48:13.331,335110,0x200,8,01310B070001005C,DASHBOARD_STATUS,True,1.0910,False,"{""display_rpm"":3136.25,""display_torque_limit"":180.3,""warning_flags"":0,""rolling_counter"":1,""reserved_future"":0}"
2026-09-09T18:48:13.524,335116,0x100,8,18306F0A5A0000B3,ENGINE_STATUS,True,1.1180,False,"{""engine_rpm"":3078.0,""throttle_position"":44.4,""rolling_counter"":10,""reserved_counter_upper"":0,""coolant_temperature"":50,""reserved_future"":0}"
2026-09-09T18:48:13.721,335117,0x101,8,F0060001000000B7,TORQUE_LIMIT,True,1.1180,False,"{""torque_limit"":177.6,""limit_reason"":0,""rolling_counter"":1,""reserved_counter_upper"":0,""reserved_future"":0}"
2026-09-09T18:48:13.917,335168,0x200,8,1830F0060002003F,DASHBOARD_STATUS,True,1.0910,False,"{""display_rpm"":3078.0,""display_torque_limit"":177.6,""warning_flags"":0,""rolling_counter"":2,""reserved_future"":0}"
2026-09-09T18:48:14.119,335216,0x100,8,2F2F6D0B5A000073,ENGINE_STATUS,True,1.0910,False,"{""engine_rpm"":3019.75,""throttle_position"":43.6,""rolling_counter"":11,""reserved_counter_upper"":0,""coolant_temperature"":50,""reserved_future"":0}"
2026-09-09T18:48:14.322,335217,0x101,8,DF0600020000003E,TORQUE_LIMIT,True,1.0910,False,"{""torque_limit"":175.9,""limit_reason"":0,""rolling_counter"":2,""reserved_counter_upper"":0,""reserved_future"":0}"
2026-09-09T18:48:14.527,335218,0x200,8,2F2FDF0600030047,DASHBOARD_STATUS,True,1.0910,False,"{""display_rpm"":3019.75,""display_torque_limit"":175.9,""warning_flags"":0,""rolling_counter"":3,""reserved_future"":0}"
2026-09-09T18:48:14.730,335269,0x200,8,2F2FDF06000400BE,DASHBOARD_STATUS,True,1.0910,False,"{""display_rpm"":3019.75,""display_torque_limit"":175.9,""warning_flags"":0,""rolling_counter"":4,""reserved_future"":0}"
2026-09-09T18:48:14.938,335316,0x100,8,462E6A0C5A0000F4,ENGINE_STATUS,True,1.0910,False,"{""engine_rpm"":2961.5,""throttle_position"":42.4,""rolling_counter"":12,""reserved_counter_upper"":0,""coolant_temperature"":50,""reserved_future"":0}"
2026-09-09T18:48:15.148,335317,0x101,8,C40600030000002F,TORQUE_LIMIT,True,1.0910,False,"{""torque_limit"":173.2,""limit_reason"":0,""rolling_counter"":3,""reserved_counter_upper"":0,""reserved_future"":0}"
2026-09-09T18:48:15.357,335328,0x200,8,462EC406000500AD,DASHBOARD_STATUS,True,1.0910,False,"{""display_rpm"":2961.5,""display_torque_limit"":173.2,""warning_flags"":0,""rolling_counter"":5,""reserved_future"":0}"
2026-09-09T18:48:15.568,335379,0x200,8,462EC40600060079,DASHBOARD_STATUS,True,1.0910,False,"{""display_rpm"":2961.5,""display_torque_limit"":173.2,""warning_flags"":0,""rolling_counter"":6,""reserved_future"":0}"
2026-09-09T18:48:15.777,335400,0x701,4,01011D04,ENGINE_HEARTBEAT,,1.0910,False,"{""node_id"":1,""state"":1,""uptime_s"":1053}"
2026-09-09T18:48:15.989,335416,0x100,8,5D2D670D5A000087,ENGINE_STATUS,True,1.0910,False,"{""engine_rpm"":2903.25,""throttle_position"":41.2,""rolling_counter"":13,""reserved_counter_upper"":0,""coolant_temperature"":50,""reserved_future"":0}"
2026-09-09T18:48:16.212,335417,0x101,8,AA0600040000006B,TORQUE_LIMIT,True,1.0910,False,"{""torque_limit"":170.6,""limit_reason"":0,""rolling_counter"":4,""reserved_counter_upper"":0,""reserved_future"":0}"
2026-09-09T18:48:16.425,335438,0x200,8,5D2DAA060007003B,DASHBOARD_STATUS,True,1.0910,False,"{""display_rpm"":2903.25,""display_torque_limit"":170.6,""warning_flags"":0,""rolling_counter"":7,""reserved_future"":0}"
2026-09-09T18:48:16.638,335489,0x200,8,5D2DAA0600080098,DASHBOARD_STATUS,True,1.0910,False,"{""display_rpm"":2903.25,""display_torque_limit"":170.6,""warning_flags"":0,""rolling_counter"":8,""reserved_future"":0}"
2026-09-09T18:48:16.858,335516,0x100,8,742C640E5A000025,ENGINE_STATUS,True,1.1180,False,"{""engine_rpm"":2845.0,""throttle_position"":40.0,""rolling_counter"":14,""reserved_counter_upper"":0,""coolant_temperature"":50,""reserved_future"":0}"
2026-09-09T18:48:17.072,335517,0x101,8,9006000500000048,TORQUE_LIMIT,True,1.1180,False,"{""torque_limit"":168.0,""limit_reason"":0,""rolling_counter"":5,""reserved_counter_upper"":0,""reserved_future"":0}"
2026-09-09T18:48:17.286,335548,0x200,8,742C9006000900FE,DASHBOARD_STATUS,True,1.0910,False,"{""display_rpm"":2845.0,""display_torque_limit"":168.0,""warning_flags"":0,""rolling_counter"":9,""reserved_future"":0}"
2026-09-09T18:48:17.500,335599,0x200,8,742C9006000A002A,DASHBOARD_STATUS,True,1.0910,False,"{""display_rpm"":2845.0,""display_torque_limit"":168.0,""warning_flags"":0,""rolling_counter"":10,""reserved_future"":0}"
2026-09-09T18:48:17.713,335616,0x100,8,8B2B610F5A00005D,ENGINE_STATUS,True,1.1180,False,"{""engine_rpm"":2786.75,""throttle_position"":38.8,""rolling_counter"":15,""reserved_counter_upper"":0,""coolant_temperature"":50,""reserved_future"":0}"
2026-09-09T18:48:17.924,335617,0x101,8,75060006000000D6,TORQUE_LIMIT,True,1.1180,False,"{""torque_limit"":165.3,""limit_reason"":0,""rolling_counter"":6,""reserved_counter_upper"":0,""reserved_future"":0}"
2026-09-09T18:48:18.150,335658,0x200,8,8B2B7506000B00FE,DASHBOARD_STATUS,True,1.0910,False,"{""display_rpm"":2786.75,""display_torque_limit"":165.3,""warning_flags"":0,""rolling_counter"":11,""reserved_future"":0}"
2026-09-09T18:48:18.361,335709,0x200,8,8B2B7506000C0007,DASHBOARD_STATUS,True,1.0910,False,"{""display_rpm"":2786.75,""display_torque_limit"":165.3,""warning_flags"":0,""rolling_counter"":12,""reserved_future"":0}"
2026-09-09T18:48:18.546,335716,0x100,8,A22A5F005A0000AA,ENGINE_STATUS,True,1.1180,False,"{""engine_rpm"":2728.5,""throttle_position"":38.0,""rolling_counter"":0,""reserved_counter_upper"":0,""coolant_temperature"":50,""reserved_future"":0}"
2026-09-09T18:48:18.712,335717,0x101,8,64060007000000AF,TORQUE_LIMIT,True,1.1180,False,"{""torque_limit"":163.6,""limit_reason"":0,""rolling_counter"":7,""reserved_counter_upper"":0,""reserved_future"":0}"
2026-09-09T18:48:18.880,335768,0x200,8,A22A6406000D0069,DASHBOARD_STATUS,True,1.0910,False,"{""display_rpm"":2728.5,""display_torque_limit"":163.6,""warning_flags"":0,""rolling_counter"":13,""reserved_future"":0}"
2026-09-09T18:48:19.068,335816,0x100,8,B9295C015A0000CF,ENGINE_STATUS,True,1.0910,False,"{""engine_rpm"":2670.25,""throttle_position"":36.8,""rolling_counter"":1,""reserved_counter_upper"":0,""coolant_temperature"":50,""reserved_future"":0}"
2026-09-09T18:48:19.250,335817,0x101,8,490600080000004E,TORQUE_LIMIT,True,1.0910,False,"{""torque_limit"":160.9,""limit_reason"":0,""rolling_counter"":8,""reserved_counter_upper"":0,""reserved_future"":0}"
2026-09-09T18:48:19.428,335818,0x200,8,B9294906000E0092,DASHBOARD_STATUS,True,1.0910,False,"{""display_rpm"":2670.25,""display_torque_limit"":160.9,""warning_flags"":0,""rolling_counter"":14,""reserved_future"":0}"
2026-09-09T18:48:19.609,335869,0x200,8,B9294906000F00DE,DASHBOARD_STATUS,True,1.0910,False,"{""display_rpm"":2670.25,""display_torque_limit"":160.9,""warning_flags"":0,""rolling_counter"":15,""reserved_future"":0}"
2026-09-09T18:48:19.788,335916,0x100,8,D02859025A0000D2,ENGINE_STATUS,True,1.0910,False,"{""engine_rpm"":2612.0,""throttle_position"":35.6,""rolling_counter"":2,""reserved_counter_upper"":0,""coolant_temperature"":50,""reserved_future"":0}"
2026-09-09T18:48:19.969,335917,0x101,8,2F060009000000B1,TORQUE_LIMIT,True,1.0910,False,"{""torque_limit"":158.3,""limit_reason"":0,""rolling_counter"":9,""reserved_counter_upper"":0,""reserved_future"":0}"
2026-09-09T18:48:20.152,335928,0x200,8,D0282F060000003A,DASHBOARD_STATUS,True,1.0910,False,"{""display_rpm"":2612.0,""display_torque_limit"":158.3,""warning_flags"":0,""rolling_counter"":0,""reserved_future"":0}"
2026-09-09T18:48:20.333,335979,0x200,8,D0282F0600010076,DASHBOARD_STATUS,True,1.0910,False,"{""display_rpm"":2612.0,""display_torque_limit"":158.3,""warning_flags"":0,""rolling_counter"":1,""reserved_future"":0}"
2026-09-09T18:48:20.517,336016,0x100,8,E72756035A0000AE,ENGINE_STATUS,True,1.0910,False,"{""engine_rpm"":2553.75,""throttle_position"":34.4,""rolling_counter"":3,""reserved_counter_upper"":0,""coolant_temperature"":50,""reserved_future"":0}"
2026-09-09T18:48:20.716,336017,0x101,8,1406000A000000E8,TORQUE_LIMIT,True,1.0910,False,"{""torque_limit"":155.6,""limit_reason"":0,""rolling_counter"":10,""reserved_counter_upper"":0,""reserved_future"":0}"
2026-09-09T18:48:20.898,336018,0x702,4,02015001,TORQUE_HEARTBEAT,,1.0830,False,"{""node_id"":2,""state"":1,""uptime_s"":336}"
2026-09-09T18:48:21.081,336029,0x200,8,E7271406000200D9,DASHBOARD_STATUS,True,1.0910,False,"{""display_rpm"":2553.75,""display_torque_limit"":155.6,""warning_flags"":0,""rolling_counter"":2,""reserved_future"":0}"
2026-09-09T18:48:21.262,336080,0x200,8,E727140600030095,DASHBOARD_STATUS,True,1.0910,False,"{""display_rpm"":2553.75,""display_torque_limit"":155.6,""warning_flags"":0,""rolling_counter"":3,""reserved_future"":0}"
2026-09-09T18:48:21.444,336116,0x100,8,FE2653045A0000F5,ENGINE_STATUS,True,1.0910,False,"{""engine_rpm"":2495.5,""throttle_position"":33.2,""rolling_counter"":4,""reserved_counter_upper"":0,""coolant_temperature"":50,""reserved_future"":0}"
2026-09-09T18:48:21.630,336117,0x101,8,FA05000B000000AE,TORQUE_LIMIT,True,1.0910,False,"{""torque_limit"":153.0,""limit_reason"":0,""rolling_counter"":11,""reserved_counter_upper"":0,""reserved_future"":0}"
2026-09-09T18:48:21.814,336138,0x200,8,FE26FA05000400CD,DASHBOARD_STATUS,True,1.0910,False,"{""display_rpm"":2495.5,""display_torque_limit"":153.0,""warning_flags"":0,""rolling_counter"":4,""reserved_future"":0}"
2026-09-09T18:48:22.004,336189,0x200,8,FE26FA0500050081,DASHBOARD_STATUS,True,1.0910,False,"{""display_rpm"":2495.5,""display_torque_limit"":153.0,""warning_flags"":0,""rolling_counter"":5,""reserved_future"":0}"
2026-09-09T18:48:22.195,336216,0x100,8,152651055A000099,ENGINE_STATUS,True,1.1180,False,"{""engine_rpm"":2437.25,""throttle_position"":32.4,""rolling_counter"":5,""reserved_counter_upper"":0,""coolant_temperature"":50,""reserved_future"":0}"
2026-09-09T18:48:22.376,336217,0x101,8,E805000C00000059,TORQUE_LIMIT,True,1.1180,False,"{""torque_limit"":151.2,""limit_reason"":0,""rolling_counter"":12,""reserved_counter_upper"":0,""reserved_future"":0}"
2026-09-09T18:48:22.558,336248,0x200,8,1526E8050006004A,DASHBOARD_STATUS,True,1.0910,False,"{""display_rpm"":2437.25,""display_torque_limit"":151.2,""warning_flags"":0,""rolling_counter"":6,""reserved_future"":0}"
2026-09-09T18:48:22.742,336299,0x200,8,1526E80500070006,DASHBOARD_STATUS,True,1.0910,False,"{""display_rpm"":2437.25,""display_torque_limit"":151.2,""warning_flags"":0,""rolling_counter"":7,""reserved_future"":0}"
2026-09-09T18:48:22.927,336316,0x100,8,2C254E065A000022,ENGINE_STATUS,True,1.1180,False,"{""engine_rpm"":2379.0,""throttle_position"":31.2,""rolling_counter"":6,""reserved_counter_upper"":0,""coolant_temperature"":50,""reserved_future"":0}"
2026-09-09T18:48:23.173,336317,0x101,8,CE05000D00000078,TORQUE_LIMIT,True,1.1180,False,"{""torque_limit"":148.6,""limit_reason"":0,""rolling_counter"":13,""reserved_counter_upper"":0,""reserved_future"":0}"
2026-09-09T18:48:23.360,336358,0x200,8,2C25CE0500080096,DASHBOARD_STATUS,True,1.0910,False,"{""display_rpm"":2379.0,""display_torque_limit"":148.6,""warning_flags"":0,""rolling_counter"":8,""reserved_future"":0}"
2026-09-09T18:48:23.547,336399,0x701,4,01011E04,ENGINE_HEARTBEAT,,1.0830,False,"{""node_id"":1,""state"":1,""uptime_s"":1054}"
2026-09-09T18:48:23.735,336410,0x200,8,2C25CE05000900DA,DASHBOARD_STATUS,True,1.0910,False,"{""display_rpm"":2379.0,""display_torque_limit"":148.6,""warning_flags"":0,""rolling_counter"":9,""reserved_future"":0}"
2026-09-09T18:48:23.927,336416,0x100,8,43244B075A0000CB,ENGINE_STATUS,True,1.1180,False,"{""engine_rpm"":2320.75,""throttle_position"":30.0,""rolling_counter"":7,""reserved_counter_upper"":0,""coolant_temperature"":50,""reserved_future"":0}"
2026-09-09T18:48:24.107,336417,0x101,8,B405000E000000A2,TORQUE_LIMIT,True,1.1180,False,"{""torque_limit"":146.0,""limit_reason"":0,""rolling_counter"":14,""reserved_counter_upper"":0,""reserved_future"":0}"
2026-09-09T18:48:24.289,336468,0x200,8,4324B405000A00B6,DASHBOARD_STATUS,True,1.0910,False,"{""display_rpm"":2320.75,""display_torque_limit"":146.0,""warning_flags"":0,""rolling_counter"":10,""reserved_future"":0}"
2026-09-09T18:48:24.471,336516,0x100,8,5A2348085A0000E4,ENGINE_STATUS,True,1.0910,False,"{""engine_rpm"":2262.5,""throttle_position"":28.8,""rolling_counter"":8,""reserved_counter_upper"":0,""coolant_temperature"":50,""reserved_future"":0}"
2026-09-09T18:48:24.651,336517,0x101,8,9905000F000000B6,TORQUE_LIMIT,True,1.0910,False,"{""torque_limit"":143.3,""limit_reason"":0,""rolling_counter"":15,""reserved_counter_upper"":0,""reserved_future"":0}"
2026-09-09T18:48:24.839,336518,0x200,8,5A239905000B006A,DASHBOARD_STATUS,True,1.0910,False,"{""display_rpm"":2262.5,""display_torque_limit"":143.3,""warning_flags"":0,""rolling_counter"":11,""reserved_future"":0}"
2026-09-09T18:48:25.019,336569,0x200,8,5A239905000C0093,DASHBOARD_STATUS,True,1.0910,False,"{""display_rpm"":2262.5,""display_torque_limit"":143.3,""warning_flags"":0,""rolling_counter"":12,""reserved_future"":0}"
2026-09-09T18:48:25.185,336616,0x100,8,712245095A0000CD,ENGINE_STATUS,True,1.0910,False,"{""engine_rpm"":2204.25,""throttle_position"":27.6,""rolling_counter"":9,""reserved_counter_upper"":0,""coolant_temperature"":50,""reserved_future"":0}"
2026-09-09T18:48:25.365,336617,0x101,8,7F0500000000001D,TORQUE_LIMIT,True,1.0910,False,"{""torque_limit"":140.7,""limit_reason"":0,""rolling_counter"":0,""reserved_counter_upper"":0,""reserved_future"":0}"
2026-09-09T18:48:25.536,336628,0x200,8,71227F05000D00DF,DASHBOARD_STATUS,True,1.0910,False,"{""display_rpm"":2204.25,""display_torque_limit"":140.7,""warning_flags"":0,""rolling_counter"":13,""reserved_future"":0}"
2026-09-09T18:48:25.705,336679,0x200,8,71227F05000E000B,DASHBOARD_STATUS,True,1.0910,False,"{""display_rpm"":2204.25,""display_torque_limit"":140.7,""warning_flags"":0,""rolling_counter"":14,""reserved_future"":0}"
2026-09-09T18:48:25.884,336716,0x100,8,8821430A5A0000FA,ENGINE_STATUS,True,1.0910,False,"{""engine_rpm"":2146.0,""throttle_position"":26.8,""rolling_counter"":10,""reserved_counter_upper"":0,""coolant_temperature"":50,""reserved_future"":0}"
2026-09-09T18:48:26.049,336717,0x101,8,6D05000100000083,TORQUE_LIMIT,True,1.0910,False,"{""torque_limit"":138.9,""limit_reason"":0,""rolling_counter"":1,""reserved_counter_upper"":0,""reserved_future"":0}"
2026-09-09T18:48:26.216,336738,0x200,8,88216D05000F0091,DASHBOARD_STATUS,True,1.0910,False,"{""display_rpm"":2146.0,""display_torque_limit"":138.9,""warning_flags"":0,""rolling_counter"":15,""reserved_future"":0}"
2026-09-09T18:48:26.381,336789,0x200,8,88216D0500000032,DASHBOARD_STATUS,True,1.0910,False,"{""display_rpm"":2146.0,""display_torque_limit"":138.9,""warning_flags"":0,""rolling_counter"":0,""reserved_future"":0}"
2026-09-09T18:48:26.556,336816,0x100,8,9F20400B5A0000A8,ENGINE_STATUS,True,1.1180,False,"{""engine_rpm"":2087.75,""throttle_position"":25.6,""rolling_counter"":11,""reserved_counter_upper"":0,""coolant_temperature"":50,""reserved_future"":0}"
2026-09-09T18:48:26.735,336817,0x101,8,53050002000000EE,TORQUE_LIMIT,True,1.1180,False,"{""torque_limit"":136.3,""limit_reason"":0,""rolling_counter"":2,""reserved_counter_upper"":0,""reserved_future"":0}"
2026-09-09T18:48:26.925,336848,0x200,8,9F20530500010036,DASHBOARD_STATUS,True,1.0910,False,"{""display_rpm"":2087.75,""display_torque_limit"":136.3,""warning_flags"":0,""rolling_counter"":1,""reserved_future"":0}"
2026-09-09T18:48:27.116,336899,0x200,8,9F205305000200E2,DASHBOARD_STATUS,True,1.0910,False,"{""display_rpm"":2087.75,""display_torque_limit"":136.3,""warning_flags"":0,""rolling_counter"":2,""reserved_future"":0}"
2026-09-09T18:48:27.296,336916,0x100,8,B61F3D0C5A00005D,ENGINE_STATUS,True,1.1180,False,"{""engine_rpm"":2029.5,""throttle_position"":24.4,""rolling_counter"":12,""reserved_counter_upper"":0,""coolant_temperature"":50,""reserved_future"":0}"
2026-09-09T18:48:27.478,336917,0x101,8,38050003000000F7,TORQUE_LIMIT,True,1.1180,False,"{""torque_limit"":133.6,""limit_reason"":0,""rolling_counter"":3,""reserved_counter_upper"":0,""reserved_future"":0}"
2026-09-09T18:48:27.658,336958,0x200,8,B61F380500030020,DASHBOARD_STATUS,True,1.0910,False,"{""display_rpm"":2029.5,""display_torque_limit"":133.6,""warning_flags"":0,""rolling_counter"":3,""reserved_future"":0}"
2026-09-09T18:48:27.840,337009,0x200,8,B61F3805000400D9,DASHBOARD_STATUS,True,1.0910,False,"{""display_rpm"":2029.5,""display_torque_limit"":133.6,""warning_flags"":0,""rolling_counter"":4,""reserved_future"":0}"
2026-09-09T18:48:28.037,337016,0x100,8,CD1E3A0D5A0000B0,ENGINE_STATUS,True,1.1180,False,"{""engine_rpm"":1971.25,""throttle_position"":23.2,""rolling_counter"":13,""reserved_counter_upper"":0,""coolant_temperature"":50,""reserved_future"":0}"
2026-09-09T18:48:28.211,337017,0x101,8,1E050004000000BF,TORQUE_LIMIT,True,1.1180,False,"{""torque_limit"":131.0,""limit_reason"":0,""rolling_counter"":4,""reserved_counter_upper"":0,""reserved_future"":0}"
2026-09-09T18:48:28.385,337018,0x702,4,02015101,TORQUE_HEARTBEAT,,1.1100,False,"{""node_id"":2,""state"":1,""uptime_s"":337}"
2026-09-09T18:48:28.549,337059,0x200,8,CD1E1E050005004E,DASHBOARD_STATUS,True,1.0910,False,"{""display_rpm"":1971.25,""display_torque_limit"":131.0,""warning_flags"":0,""rolling_counter"":5,""reserved_future"":0}"
2026-09-09T18:48:28.713,337110,0x200,8,CD1E1E050006009A,DASHBOARD_STATUS,True,1.0910,False,"{""display_rpm"":1971.25,""display_torque_limit"":131.0,""warning_flags"":0,""rolling_counter"":6,""reserved_future"":0}"
2026-09-09T18:48:28.879,337116,0x100,8,E41D370E5A000088,ENGINE_STATUS,True,1.1180,False,"{""engine_rpm"":1913.0,""throttle_position"":22.0,""rolling_counter"":14,""reserved_counter_upper"":0,""coolant_temperature"":50,""reserved_future"":0}"
2026-09-09T18:48:29.046,337117,0x101,8,04050005000000F3,TORQUE_LIMIT,True,1.1180,False,"{""torque_limit"":128.4,""limit_reason"":0,""rolling_counter"":5,""reserved_counter_upper"":0,""reserved_future"":0}"
2026-09-09T18:48:29.212,337168,0x200,8,E41D0405000700B1,DASHBOARD_STATUS,True,1.0910,False,"{""display_rpm"":1913.0,""display_torque_limit"":128.4,""warning_flags"":0,""rolling_counter"":7,""reserved_future"":0}"
2026-09-09T18:48:29.379,337216,0x100,8,FB1C350F5A000062,ENGINE_STATUS,True,1.0910,False,"{""engine_rpm"":1854.75,""throttle_position"":21.2,""rolling_counter"":15,""reserved_counter_upper"":0,""coolant_temperature"":50,""reserved_future"":0}"
2026-09-09T18:48:29.545,337217,0x101,8,F204000600000075,TORQUE_LIMIT,True,1.0910,False,"{""torque_limit"":126.6,""limit_reason"":0,""rolling_counter"":6,""reserved_counter_upper"":0,""reserved_future"":0}"
2026-09-09T18:48:29.711,337218,0x200,8,FB1CF204000800DE,DASHBOARD_STATUS,True,1.0910,False,"{""display_rpm"":1854.75,""display_torque_limit"":126.6,""warning_flags"":0,""rolling_counter"":8,""reserved_future"":0}"
2026-09-09T18:48:29.879,337269,0x200,8,FB1CF20400090092,DASHBOARD_STATUS,True,1.0910,False,"{""display_rpm"":1854.75,""display_torque_limit"":126.6,""warning_flags"":0,""rolling_counter"":9,""reserved_future"":0}"
2026-09-09T18:48:30.048,337316,0x100,8,121C32005A00009E,ENGINE_STATUS,True,1.0910,False,"{""engine_rpm"":1796.5,""throttle_position"":20.0,""rolling_counter"":0,""reserved_counter_upper"":0,""coolant_temperature"":50,""reserved_future"":0}"
2026-09-09T18:48:30.216,337317,0x101,8,D8040007000000EF,TORQUE_LIMIT,True,1.0910,False,"{""torque_limit"":124.0,""limit_reason"":0,""rolling_counter"":7,""reserved_counter_upper"":0,""reserved_future"":0}"
2026-09-09T18:48:30.386,337328,0x200,8,121CD804000A00BB,DASHBOARD_STATUS,True,1.0910,False,"{""display_rpm"":1796.5,""display_torque_limit"":124.0,""warning_flags"":0,""rolling_counter"":10,""reserved_future"":0}"
2026-09-09T18:48:30.563,337379,0x200,8,121CD804000B00F7,DASHBOARD_STATUS,True,1.0910,False,"{""display_rpm"":1796.5,""display_torque_limit"":124.0,""warning_flags"":0,""rolling_counter"":11,""reserved_future"":0}"
2026-09-09T18:48:30.735,337400,0x701,4,01011F04,ENGINE_HEARTBEAT,,1.0910,False,"{""node_id"":1,""state"":1,""uptime_s"":1055}"
2026-09-09T18:48:30.906,337416,0x100,8,291B2F015A000069,ENGINE_STATUS,True,1.0910,False,"{""engine_rpm"":1738.25,""throttle_position"":18.8,""rolling_counter"":1,""reserved_counter_upper"":0,""coolant_temperature"":50,""reserved_future"":0}"
2026-09-09T18:48:31.077,337417,0x101,8,BD04000800000002,TORQUE_LIMIT,True,1.0910,False,"{""torque_limit"":121.3,""limit_reason"":0,""rolling_counter"":8,""reserved_counter_upper"":0,""reserved_future"":0}"
2026-09-09T18:48:31.245,337438,0x200,8,291BBD04000C00A3,DASHBOARD_STATUS,True,1.0910,False,"{""display_rpm"":1738.25,""display_torque_limit"":121.3,""warning_flags"":0,""rolling_counter"":12,""reserved_future"":0}"
2026-09-09T18:48:31.420,337489,0x200,8,291BBD04000D00EF,DASHBOARD_STATUS,True,1.0910,False,"{""display_rpm"":1738.25,""display_torque_limit"":121.3,""warning_flags"":0,""rolling_counter"":13,""reserved_future"":0}"
2026-09-09T18:48:31.596,337516,0x100,8,411A2C025A000048,ENGINE_STATUS,True,1.1180,False,"{""engine_rpm"":1680.25,""throttle_position"":17.6,""rolling_counter"":2,""reserved_counter_upper"":0,""coolant_temperature"":50,""reserved_future"":0}"
2026-09-09T18:48:31.771,337517,0x101,8,A304000900000027,TORQUE_LIMIT,True,1.1180,False,"{""torque_limit"":118.7,""limit_reason"":0,""rolling_counter"":9,""reserved_counter_upper"":0,""reserved_future"":0}"
2026-09-09T18:48:31.938,337548,0x200,8,411AA304000E00E6,DASHBOARD_STATUS,True,1.0910,False,"{""display_rpm"":1680.25,""display_torque_limit"":118.7,""warning_flags"":0,""rolling_counter"":14,""reserved_future"":0}"
2026-09-09T18:48:32.107,337599,0x200,8,411AA304000F00AA,DASHBOARD_STATUS,True,1.0910,False,"{""display_rpm"":1680.25,""display_torque_limit"":118.7,""warning_flags"":0,""rolling_counter"":15,""reserved_future"":0}"
2026-09-09T18:48:32.279,337616,0x100,8,581929035A0000F6,ENGINE_STATUS,True,1.1180,False,"{""engine_rpm"":1622.0,""throttle_position"":16.4,""rolling_counter"":3,""reserved_counter_upper"":0,""coolant_temperature"":50,""reserved_future"":0}"
2026-09-09T18:48:32.449,337617,0x101,8,8804000A000000C7,TORQUE_LIMIT,True,1.1180,False,"{""torque_limit"":116.0,""limit_reason"":0,""rolling_counter"":10,""reserved_counter_upper"":0,""reserved_future"":0}"
2026-09-09T18:48:32.620,337658,0x200,8,58198804000000FD,DASHBOARD_STATUS,True,1.0910,False,"{""display_rpm"":1622.0,""display_torque_limit"":116.0,""warning_flags"":0,""rolling_counter"":0,""reserved_future"":0}"
2026-09-09T18:48:32.792,337709,0x200,8,58198804000100B1,DASHBOARD_STATUS,True,1.0910,False,"{""display_rpm"":1622.0,""display_torque_limit"":116.0,""warning_flags"":0,""rolling_counter"":1,""reserved_future"":0}"
2026-09-09T18:48:32.967,337716,0x100,8,6F1827045A00000A,ENGINE_STATUS,True,1.1180,False,"{""engine_rpm"":1563.75,""throttle_position"":15.6,""rolling_counter"":4,""reserved_counter_upper"":0,""coolant_temperature"":50,""reserved_future"":0}"
2026-09-09T18:48:33.147,337717,0x101,8,7704000B000000AF,TORQUE_LIMIT,True,1.1180,False,"{""torque_limit"":114.3,""limit_reason"":0,""rolling_counter"":11,""reserved_counter_upper"":0,""reserved_future"":0}"
2026-09-09T18:48:33.326,337768,0x200,8,6F18770400020094,DASHBOARD_STATUS,True,1.0910,False,"{""display_rpm"":1563.75,""display_torque_limit"":114.3,""warning_flags"":0,""rolling_counter"":2,""reserved_future"":0}"
2026-09-09T18:48:33.517,337816,0x100,8,861724055A000073,ENGINE_STATUS,True,1.0910,False,"{""engine_rpm"":1505.5,""throttle_position"":14.4,""rolling_counter"":5,""reserved_counter_upper"":0,""coolant_temperature"":50,""reserved_future"":0}"
2026-09-09T18:48:33.698,337817,0x101,8,5C04000C00000001,TORQUE_LIMIT,True,1.0910,False,"{""torque_limit"":111.6,""limit_reason"":0,""rolling_counter"":12,""reserved_counter_upper"":0,""reserved_future"":0}"
2026-09-09T18:48:33.880,337818,0x200,8,86175C040003008A,DASHBOARD_STATUS,True,1.0910,False,"{""display_rpm"":1505.5,""display_torque_limit"":111.6,""warning_flags"":0,""rolling_counter"":3,""reserved_future"":0}"
2026-09-09T18:48:34.061,337869,0x200,8,86175C0400040073,DASHBOARD_STATUS,True,1.0910,False,"{""display_rpm"":1505.5,""display_torque_limit"":111.6,""warning_flags"":0,""rolling_counter"":4,""reserved_future"":0}"
2026-09-09T18:48:34.253,337916,0x100,8,9D1621065A0000DC,ENGINE_STATUS,True,1.0910,False,"{""engine_rpm"":1447.25,""throttle_position"":13.2,""rolling_counter"":6,""reserved_counter_upper"":0,""coolant_temperature"":50,""reserved_future"":0}"
2026-09-09T18:48:34.436,337917,0x101,8,4204000D00000024,TORQUE_LIMIT,True,1.0910,False,"{""torque_limit"":109.0,""limit_reason"":0,""rolling_counter"":13,""reserved_counter_upper"":0,""reserved_future"":0}"
2026-09-09T18:48:34.618,337928,0x200,8,9D1642040005000D,DASHBOARD_STATUS,True,1.0910,False,"{""display_rpm"":1447.25,""display_torque_limit"":109.0,""warning_flags"":0,""rolling_counter"":5,""reserved_future"":0}"
2026-09-09T18:48:34.799,337979,0x200,8,9D164204000600D9,DASHBOARD_STATUS,True,1.0910,False,"{""display_rpm"":1447.25,""display_torque_limit"":109.0,""warning_flags"":0,""rolling_counter"":6,""reserved_future"":0}"
2026-09-09T18:48:34.988,338016,0x100,8,B4151E075A000038,ENGINE_STATUS,True,1.0910,False,"{""engine_rpm"":1389.0,""throttle_position"":12.0,""rolling_counter"":7,""reserved_counter_upper"":0,""coolant_temperature"":50,""reserved_future"":0}"
2026-09-09T18:48:35.179,338017,0x101,8,2804000E00000047,TORQUE_LIMIT,True,1.0910,False,"{""torque_limit"":106.4,""limit_reason"":0,""rolling_counter"":14,""reserved_counter_upper"":0,""reserved_future"":0}"
2026-09-09T18:48:35.363,338018,0x702,4,02015201,TORQUE_HEARTBEAT,,1.0830,False,"{""node_id"":2,""state"":1,""uptime_s"":338}"
2026-09-09T18:48:35.556,338029,0x200,8,B415280400070042,DASHBOARD_STATUS,True,1.0910,False,"{""display_rpm"":1389.0,""display_torque_limit"":106.4,""warning_flags"":0,""rolling_counter"":7,""reserved_future"":0}"
2026-09-09T18:48:35.747,338080,0x200,8,B4152804000800E1,DASHBOARD_STATUS,True,1.0910,False,"{""display_rpm"":1389.0,""display_torque_limit"":106.4,""warning_flags"":0,""rolling_counter"":8,""reserved_future"":0}"
2026-09-09T18:48:35.932,338116,0x100,8,CB141B085A00009D,ENGINE_STATUS,True,1.0910,False,"{""engine_rpm"":1330.75,""throttle_position"":10.8,""rolling_counter"":8,""reserved_counter_upper"":0,""coolant_temperature"":50,""reserved_future"":0}"
2026-09-09T18:48:36.125,338117,0x101,8,0D04000F00000081,TORQUE_LIMIT,True,1.0910,False,"{""torque_limit"":103.7,""limit_reason"":0,""rolling_counter"":15,""reserved_counter_upper"":0,""reserved_future"":0}"
2026-09-09T18:48:36.315,338138,0x200,8,CB140D04000900A1,DASHBOARD_STATUS,True,1.0910,False,"{""display_rpm"":1330.75,""display_torque_limit"":103.7,""warning_flags"":0,""rolling_counter"":9,""reserved_future"":0}"
2026-09-09T18:48:36.501,338189,0x200,8,CB140D04000A0075,DASHBOARD_STATUS,True,1.0910,False,"{""display_rpm"":1330.75,""display_torque_limit"":103.7,""warning_flags"":0,""rolling_counter"":10,""reserved_future"":0}"
2026-09-09T18:48:36.687,338216,0x100,8,E21319095A0000FB,ENGINE_STATUS,True,1.1180,False,"{""engine_rpm"":1272.5,""throttle_position"":10.0,""rolling_counter"":9,""reserved_counter_upper"":0,""coolant_temperature"":50,""reserved_future"":0}"
2026-09-09T18:48:36.875,338217,0x101,8,FC030000000000D2,TORQUE_LIMIT,True,1.1180,False,"{""torque_limit"":102.0,""limit_reason"":0,""rolling_counter"":0,""reserved_counter_upper"":0,""reserved_future"":0}"
2026-09-09T18:48:37.062,338248,0x200,8,E213FC03000B001B,DASHBOARD_STATUS,True,1.0910,False,"{""display_rpm"":1272.5,""display_torque_limit"":102.0,""warning_flags"":0,""rolling_counter"":11,""reserved_future"":0}"
2026-09-09T18:48:37.247,338299,0x200,8,E213FC03000C00E2,DASHBOARD_STATUS,True,1.0910,False,"{""display_rpm"":1272.5,""display_torque_limit"":102.0,""warning_flags"":0,""rolling_counter"":12,""reserved_future"":0}"
2026-09-09T18:48:37.433,338316,0x100,8,F912160A5A0000F7,ENGINE_STATUS,True,1.1180,False,"{""engine_rpm"":1214.25,""throttle_position"":8.8,""rolling_counter"":10,""reserved_counter_upper"":0,""coolant_temperature"":50,""reserved_future"":0}"
2026-09-09T18:48:37.627,338317,0x101,8,E103000100000010,TORQUE_LIMIT,True,1.1180,False,"{""torque_limit"":99.3,""limit_reason"":0,""rolling_counter"":1,""reserved_counter_upper"":0,""reserved_future"":0}"
2026-09-09T18:48:37.812,338358,0x200,8,F912E103000D0022,DASHBOARD_STATUS,True,1.0910,False,"{""display_rpm"":1214.25,""display_torque_limit"":99.3,""warning_flags"":0,""rolling_counter"":13,""reserved_future"":0}"
2026-09-09T18:48:37.999,338399,0x701,4,01012004,ENGINE_HEARTBEAT,,1.0830,False,"{""node_id"":1,""state"":1,""uptime_s"":1056}"
2026-09-09T18:48:38.187,338410,0x200,8,F912E103000E00F6,DASHBOARD_STATUS,True,1.0910,False,"{""display_rpm"":1214.25,""display_torque_limit"":99.3,""warning_flags"":0,""rolling_counter"":14,""reserved_future"":0}"
2026-09-09T18:48:38.374,338416,0x100,8,3812140B5A00009C,ENGINE_STATUS,True,1.1180,False,"{""engine_rpm"":1166.0,""throttle_position"":8.0,""rolling_counter"":11,""reserved_counter_upper"":0,""coolant_temperature"":50,""reserved_future"":0}"
2026-09-09T18:48:38.567,338417,0x101,8,D003000200000021,TORQUE_LIMIT,True,1.1180,False,"{""torque_limit"":97.6,""limit_reason"":0,""rolling_counter"":2,""reserved_counter_upper"":0,""reserved_future"":0}"
2026-09-09T18:48:38.754,338468,0x200,8,3812D003000F00DD,DASHBOARD_STATUS,True,1.0910,False,"{""display_rpm"":1166.0,""display_torque_limit"":97.6,""warning_flags"":0,""rolling_counter"":15,""reserved_future"":0}"
2026-09-09T18:48:38.953,338516,0x100,8,3812140C5A000068,ENGINE_STATUS,True,1.0910,False,"{""engine_rpm"":1166.0,""throttle_position"":8.0,""rolling_counter"":12,""reserved_counter_upper"":0,""coolant_temperature"":50,""reserved_future"":0}"
2026-09-09T18:48:39.150,338517,0x101,8,D0030003000000BC,TORQUE_LIMIT,True,1.0910,False,"{""torque_limit"":97.6,""limit_reason"":0,""rolling_counter"":3,""reserved_counter_upper"":0,""reserved_future"":0}"
2026-09-09T18:48:39.337,338518,0x200,8,3812D0030000007E,DASHBOARD_STATUS,True,1.0910,False,"{""display_rpm"":1166.0,""display_torque_limit"":97.6,""warning_flags"":0,""rolling_counter"":0,""reserved_future"":0}"
2026-09-09T18:48:39.526,338569,0x200,8,3812D00300010032,DASHBOARD_STATUS,True,1.0910,False,"{""display_rpm"":1166.0,""display_torque_limit"":97.6,""warning_flags"":0,""rolling_counter"":1,""reserved_future"":0}"
2026-09-09T18:48:39.788,338616,0x100,8,3812140D5A0000F5,ENGINE_STATUS,True,1.0910,False,"{""engine_rpm"":1166.0,""throttle_position"":8.0,""rolling_counter"":13,""reserved_counter_upper"":0,""coolant_temperature"":50,""reserved_future"":0}"
2026-09-09T18:48:39.983,338617,0x101,8,D003000400000048,TORQUE_LIMIT,True,1.0910,False,"{""torque_limit"":97.6,""limit_reason"":0,""rolling_counter"":4,""reserved_counter_upper"":0,""reserved_future"":0}"
2026-09-09T18:48:40.182,338628,0x200,8,3812D003000200E6,DASHBOARD_STATUS,True,1.0910,False,"{""display_rpm"":1166.0,""display_torque_limit"":97.6,""warning_flags"":0,""rolling_counter"":2,""reserved_future"":0}"
2026-09-09T18:48:40.368,338679,0x200,8,3812D003000300AA,DASHBOARD_STATUS,True,1.0910,False,"{""display_rpm"":1166.0,""display_torque_limit"":97.6,""warning_flags"":0,""rolling_counter"":3,""reserved_future"":0}"
